Model,Corr,Rseq,RMSE,Accuracy,Topsis score,Rank
O.67,0.45,6.5,42.6,12.56,0.554004411,3
0.6,0.36,3.6,53.3,14.47,0.290193634,8
O.82,0.67,3.8,63.1,17.1,0.485643246,6
0.6,0.36,3.5,69.2,18.42,0.325231271,7
0.76,0.58,4.8,43,12.29,0.531176218,4
0.69,0.48,6.6,48.7,14.12,0.574736963,2
0.79,0.62,4.8,59.2,16.35,0.526512573,5
0.84,0.71,6.5,34.5,10.64,0.672519617,1
